Название светильника,Цена,Ссылка на продукт
Трековый светильник Vuoro TR003-1-26W4K-M-B Maytoni,2 890 ₽,https://www.lampadia.ru/product/trekovyy-svetilnik-vuoro-tr003-1-26w4k-m-b-maytoni/
Встраиваемый светильник Arlight LTD 021492,3 166 ₽,https://www.lampadia.ru/product/vstraivaemyy-svetilnik-arlight-ltd-021492/
Трековый светильник St657 ST657.496.27 ST Luce,7 372 ₽,https://www.lampadia.ru/product/trekovyy-svetilnik-st657-st657-496-27-st-luce/
Трековый светильник Maytoni Track TR004-1-GU10-B,2 190 ₽,https://www.lampadia.ru/product/trekovyy-svetilnik-maytoni-track-tr004-1-gu10-b/
Точечный светильник Alfa C015CL-01B Maytoni,2 690 ₽,https://www.lampadia.ru/product/tochechnyy-svetilnik-alfa-c015cl-01b-maytoni/
Шинопровод Skyline 48 ST039.429.00 ST Luce,9 550 ₽,https://www.lampadia.ru/product/shinoprovod-skyline-48-st039-429-00-st-luce/
Подвесной светильник Riff 4261-1P Favourite,8 500 ₽,https://www.lampadia.ru/product/podvesnoy-svetilnik-riff-4261-1p-favourite/
Подвесной светильник Telescope FR5168PL-L3CH Freya,4 990 ₽,https://www.lampadia.ru/product/podvesnoy-svetilnik-telescope-fr5168pl-l3ch-freya/
Накладной светильник Lightstar Urbano mini 214704,1 399 ₽,https://www.lampadia.ru/product/214704_ls/
Встраиваемый светильник Fametto Fiore DLS-F114-3001,36 ₽,https://www.lampadia.ru/product/vstraivaemyy-svetilnik-fametto-fiore-dls-f114-3001/
Точечный светильник 40512 Feron,370 ₽,https://www.lampadia.ru/product/tochechnyy-svetilnik-40512-feron/
Точечный светильник Panaggio ST102.502.12 ST Luce,4 130 ₽,https://www.lampadia.ru/product/tochechnyy-svetilnik-panaggio-st102-502-12-st-luce/
Встраиваемый светильник Arlight DL 021434,2 123 ₽,https://www.lampadia.ru/product/vstraivaemyy-svetilnik-arlight-dl-021434/
"Подвесной светильник Талия 08208-125,19 Kink Light",7 950 ₽,https://www.lampadia.ru/product/podvesnoy-svetilnik-taliya-08208-125-19-kink-light/
Трековый светильник Lemmi ST365.536.12 ST Luce,3 890 ₽,https://www.lampadia.ru/product/trekovyy-svetilnik-lemmi-st365-536-12-st-luce/
Точечный светильник Recte 357957 Novotech,2 000 ₽,https://www.lampadia.ru/product/tochechnyy-svetilnik-recte-357957-novotech/
Настенно-потолочный светильник Stoflake 5078/25L Odeon Light,10 310 ₽,https://www.lampadia.ru/product/nastenno-potolochnyy-svetilnik-stoflake-5078-25l-odeon-light/
Точечный светильник Ziva 09923/01/31 Lucide,3 170 ₽,https://www.lampadia.ru/product/tochechnyy-svetilnik-ziva-09923-01-31-lucide/
Потолочный светильник Evon APL.0113.29.12 Aployt,2 140 ₽,https://www.lampadia.ru/product/potolochnyy-svetilnik-evon-apl-0113-29-12-aployt/
Точечный светильник St704 ST704.548.10 ST Luce,2 410 ₽,https://www.lampadia.ru/product/tochechnyy-svetilnik-st704-st704-548-10-st-luce/
Трековый светильник Skyflat ST673.436.24 ST Luce,3 171 ₽,https://www.lampadia.ru/product/trekovyy-svetilnik-skyflat-st673-436-24-st-luce/
Подвесной светильник Cottage FR5405PL-01W3 Freya,18 990 ₽,https://www.lampadia.ru/product/podvesnoy-svetilnik-cottage-fr5405pl-01w3-freya/
Подвесной светильник Lussole Loft Yukon LSP-8053,9 990 ₽,https://www.lampadia.ru/product/podvesnoy-svetilnik-lussole-loft-yukon-lsp-8053/
Трековый светильник Basis TR030-2-24W4K-B Maytoni,4 190 ₽,https://www.lampadia.ru/product/trekovyy-svetilnik-basis-tr030-2-24w4k-b-maytoni/
Подвесной светильник Ellie 6551/1A Lumion,5 380 ₽,https://www.lampadia.ru/product/podvesnoy-svetilnik-ellie-6551-1a-lumion/
Трековый светильник Novotech Pipe 370401,3 070 ₽,https://www.lampadia.ru/product/nov_370401/
Встраиваемый светильник Lightstar Monde 071176,1 799 ₽,https://www.lampadia.ru/product/071176_ls/
Точечный светильник St115 ST115.532.12 ST Luce,2 560 ₽,https://www.lampadia.ru/product/tochechnyy-svetilnik-st115-st115-532-12-st-luce/
Настенный светильник Tift LSP-7333 Lussole,10 894 ₽,https://www.lampadia.ru/product/nastennyy-svetilnik-tift-lsp-7333-lussole/
Точечный светильник Moll 25002/01 Elektrostandard a064242,1 030 ₽,https://www.lampadia.ru/product/tochechnyy-svetilnik-moll-25002-01-elektrostandard-a064242/
Подвесной светильник Tivoli SL1622.163.01 ST Luce,33 200 ₽,https://www.lampadia.ru/product/podvesnoy-svetilnik-tivoli-sl1622-163-01-st-luce/
Точечный светильник ST752.538.18 ST Luce,3 620 ₽,https://www.lampadia.ru/product/tochechnyy-svetilnik-st752-538-18-st-luce/
Подвесной светильник Newport 31308/S,90 009 ₽,https://www.lampadia.ru/product/nwt_31308-s/
Подвесной комплект Accessories for tracks Exility TRAM034SW-2S Maytoni,690 ₽,https://www.lampadia.ru/product/podvesnoy-komplekt-accessories-for-tracks-exility-tram034sw-2s-maytoni/
Настенный светильник Memfi 6633/18WL Odeon Light,12 230 ₽,https://www.lampadia.ru/product/nastennyy-svetilnik-memfi-6633-18wl-odeon-light/
Трековый светильник Tech T005-12 Loft It,2 170 ₽,https://www.lampadia.ru/product/trekovyy-svetilnik-tech-t005-12-loft-it/
Накладной светильник Lightstar MONOCCO 212616,4 999 ₽,https://www.lampadia.ru/product/nakladnoy-svetilnik-lightstar-monocco-212616/
Точечный светильник Techno Spot TN175 Ambrella,970 ₽,https://www.lampadia.ru/product/tochechnyy-svetilnik-techno-spot-tn175-ambrella/
Накладной светильник Maytoni Alfa C012CL-01W,2 490 ₽,https://www.lampadia.ru/product/nakladnoy-svetilnik-maytoni-alfa-c012cl-01w/
Точечный светильник SP-RONDO 022238 Arlight,4 262 ₽,https://www.lampadia.ru/product/tochechnyy-svetilnik-sp-rondo-022238-arlight/
Накладной светильник Lightstar Rullo 214497,1 799 ₽,https://www.lampadia.ru/product/214497_ls/
Подвесной светильник Sintesi P090PL-L12CH3K Maytoni,12 490 ₽,https://www.lampadia.ru/product/podvesnoy-svetilnik-sintesi-p090pl-l12ch3k-maytoni/
Название продукта,Цена,Ссылка на продукт
Трековый светильник Vuoro TR003-1-26W4K-M-B Maytoni,2 890 ₽,https://www.lampadia.ru/product/trekovyy-svetilnik-vuoro-tr003-1-26w4k-m-b-maytoni/
Встраиваемый светильник Arlight LTD 021492,3 166 ₽,https://www.lampadia.ru/product/vstraivaemyy-svetilnik-arlight-ltd-021492/
Трековый светильник St657 ST657.496.27 ST Luce,7 372 ₽,https://www.lampadia.ru/product/trekovyy-svetilnik-st657-st657-496-27-st-luce/
Трековый светильник Maytoni Track TR004-1-GU10-B,2 190 ₽,https://www.lampadia.ru/product/trekovyy-svetilnik-maytoni-track-tr004-1-gu10-b/
Точечный светильник Alfa C015CL-01B Maytoni,2 690 ₽,https://www.lampadia.ru/product/tochechnyy-svetilnik-alfa-c015cl-01b-maytoni/
Шинопровод Skyline 48 ST039.429.00 ST Luce,9 550 ₽,https://www.lampadia.ru/product/shinoprovod-skyline-48-st039-429-00-st-luce/
Подвесной светильник Riff 4261-1P Favourite,8 500 ₽,https://www.lampadia.ru/product/podvesnoy-svetilnik-riff-4261-1p-favourite/
Подвесной светильник Telescope FR5168PL-L3CH Freya,4 990 ₽,https://www.lampadia.ru/product/podvesnoy-svetilnik-telescope-fr5168pl-l3ch-freya/
Накладной светильник Lightstar Urbano mini 214704,1 399 ₽,https://www.lampadia.ru/product/214704_ls/
Встраиваемый светильник Fametto Fiore DLS-F114-3001,36 ₽,https://www.lampadia.ru/product/vstraivaemyy-svetilnik-fametto-fiore-dls-f114-3001/
Точечный светильник 40512 Feron,370 ₽,https://www.lampadia.ru/product/tochechnyy-svetilnik-40512-feron/
Точечный светильник Panaggio ST102.502.12 ST Luce,4 130 ₽,https://www.lampadia.ru/product/tochechnyy-svetilnik-panaggio-st102-502-12-st-luce/
Встраиваемый светильник Arlight DL 021434,2 123 ₽,https://www.lampadia.ru/product/vstraivaemyy-svetilnik-arlight-dl-021434/
"Подвесной светильник Талия 08208-125,19 Kink Light",7 950 ₽,https://www.lampadia.ru/product/podvesnoy-svetilnik-taliya-08208-125-19-kink-light/
Трековый светильник Lemmi ST365.536.12 ST Luce,3 890 ₽,https://www.lampadia.ru/product/trekovyy-svetilnik-lemmi-st365-536-12-st-luce/
Точечный светильник Recte 357957 Novotech,2 000 ₽,https://www.lampadia.ru/product/tochechnyy-svetilnik-recte-357957-novotech/
Настенно-потолочный светильник Stoflake 5078/25L Odeon Light,10 310 ₽,https://www.lampadia.ru/product/nastenno-potolochnyy-svetilnik-stoflake-5078-25l-odeon-light/
Точечный светильник Ziva 09923/01/31 Lucide,3 170 ₽,https://www.lampadia.ru/product/tochechnyy-svetilnik-ziva-09923-01-31-lucide/
Потолочный светильник Evon APL.0113.29.12 Aployt,2 140 ₽,https://www.lampadia.ru/product/potolochnyy-svetilnik-evon-apl-0113-29-12-aployt/
Точечный светильник St704 ST704.548.10 ST Luce,2 410 ₽,https://www.lampadia.ru/product/tochechnyy-svetilnik-st704-st704-548-10-st-luce/
Трековый светильник Skyflat ST673.436.24 ST Luce,3 171 ₽,https://www.lampadia.ru/product/trekovyy-svetilnik-skyflat-st673-436-24-st-luce/
Подвесной светильник Cottage FR5405PL-01W3 Freya,18 990 ₽,https://www.lampadia.ru/product/podvesnoy-svetilnik-cottage-fr5405pl-01w3-freya/
Подвесной светильник Lussole Loft Yukon LSP-8053,9 990 ₽,https://www.lampadia.ru/product/podvesnoy-svetilnik-lussole-loft-yukon-lsp-8053/
Трековый светильник Basis TR030-2-24W4K-B Maytoni,4 190 ₽,https://www.lampadia.ru/product/trekovyy-svetilnik-basis-tr030-2-24w4k-b-maytoni/
Подвесной светильник Ellie 6551/1A Lumion,5 380 ₽,https://www.lampadia.ru/product/podvesnoy-svetilnik-ellie-6551-1a-lumion/
Трековый светильник Novotech Pipe 370401,3 070 ₽,https://www.lampadia.ru/product/nov_370401/
Встраиваемый светильник Lightstar Monde 071176,1 799 ₽,https://www.lampadia.ru/product/071176_ls/
Точечный светильник St115 ST115.532.12 ST Luce,2 560 ₽,https://www.lampadia.ru/product/tochechnyy-svetilnik-st115-st115-532-12-st-luce/
Настенный светильник Tift LSP-7333 Lussole,10 894 ₽,https://www.lampadia.ru/product/nastennyy-svetilnik-tift-lsp-7333-lussole/
Точечный светильник Moll 25002/01 Elektrostandard a064242,1 030 ₽,https://www.lampadia.ru/product/tochechnyy-svetilnik-moll-25002-01-elektrostandard-a064242/
Подвесной светильник Tivoli SL1622.163.01 ST Luce,33 200 ₽,https://www.lampadia.ru/product/podvesnoy-svetilnik-tivoli-sl1622-163-01-st-luce/
Точечный светильник ST752.538.18 ST Luce,3 620 ₽,https://www.lampadia.ru/product/tochechnyy-svetilnik-st752-538-18-st-luce/
Подвесной светильник Newport 31308/S,90 009 ₽,https://www.lampadia.ru/product/nwt_31308-s/
Подвесной комплект Accessories for tracks Exility TRAM034SW-2S Maytoni,690 ₽,https://www.lampadia.ru/product/podvesnoy-komplekt-accessories-for-tracks-exility-tram034sw-2s-maytoni/
Настенный светильник Memfi 6633/18WL Odeon Light,12 230 ₽,https://www.lampadia.ru/product/nastennyy-svetilnik-memfi-6633-18wl-odeon-light/
Трековый светильник Tech T005-12 Loft It,2 170 ₽,https://www.lampadia.ru/product/trekovyy-svetilnik-tech-t005-12-loft-it/
Накладной светильник Lightstar MONOCCO 212616,4 999 ₽,https://www.lampadia.ru/product/nakladnoy-svetilnik-lightstar-monocco-212616/
Точечный светильник Techno Spot TN175 Ambrella,970 ₽,https://www.lampadia.ru/product/tochechnyy-svetilnik-techno-spot-tn175-ambrella/
Накладной светильник Maytoni Alfa C012CL-01W,2 490 ₽,https://www.lampadia.ru/product/nakladnoy-svetilnik-maytoni-alfa-c012cl-01w/
Точечный светильник SP-RONDO 022238 Arlight,4 262 ₽,https://www.lampadia.ru/product/tochechnyy-svetilnik-sp-rondo-022238-arlight/
Накладной светильник Lightstar Rullo 214497,1 799 ₽,https://www.lampadia.ru/product/214497_ls/
Подвесной светильник Sintesi P090PL-L12CH3K Maytoni,12 490 ₽,https://www.lampadia.ru/product/podvesnoy-svetilnik-sintesi-p090pl-l12ch3k-maytoni/
